{
    "web": {
        "client_id": "904949312218-2d9gnc2evevabtfjeu2dhcd3no2plj2v.apps.googleusercontent.com",
        "project_id": "future-infusion-277208",
        "auth_uri": "https://accounts.google.com/o/oauth2/auth",
        "token_uri": "https://oauth2.googleapis.com/token",
        "auth_provider_x509_cert_url": "https://www.googleapis.com/oauth2/v1/certs",
        "client_secret": "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",
        "redirect_uris": [
            "http://localhost:5000/auth"
        ],
        "javascript_origins": [
            "http://localhost:5000"
        ]
    }
}